frame_001.jpg	HEY WELCOME TO THE GODDESS 0090
frame_002.jpg	WE FEATURE A TEA OF THE DAY WHEN YOU COME IN AND @OGE
frame_003.jpg	5.150 0000 TODAY, THE TEA OF THE DAY ISRAELI THE DIGESTIVE
frame_004.jpg	GOOD FOR IS STAGNANT 0000
frame_005.jpg	GOOD FOR IS STAGNANT BOWELS, CONSTIPATION; DIARRHEA HERNIA 0000
frame_006.jpg	51302 @000 TYPE OF= COLON CLEANSES
frame_007.jpg	THIS ISNIT THE FULL THING FOR A COLON CLEANSE. 0090
frame_008.jpg	0000 YOU WANT TO ADD THE BLOOD PURIFIER BUT THIS IS DIGESTIVE
frame_009.jpg	OKAY? THAT'S @00 BI BI L CA
frame_010.jpg	SO, WHEN YOU COME IN PLEASE FEEL FREE TO BENE
frame_011.jpg	AND POUR YOUR SHOT OF TEA OR Caritating 0090 BRIE
frame_012.jpg	BE Constantin 0090 BBEA
frame_013.jpg	5A5Ồ 2441 @090 BOGG WE HOPE THAT YOU ENJOY.
frame_014.jpg	545-948. 0090 THANK YOU FOR SHOPPING WITH US.
